﻿<Settings>
  <Sitecore>
    <XConnect>
      <Services>
        <XConnect.Client.Configuration>
          <Options>
            <Models>
              <PushNotificationsModel>
                <TypeName>SF.Foundation.PushNotifications.Models.CollectionModel, SF.Foundation.PushNotifications</TypeName>
              </PushNotificationsModel>
            </Models>
          </Options>
        </XConnect.Client.Configuration>
      </Services>
    </XConnect>
  </Sitecore>
</Settings>