﻿<?xml version="1.0" encoding="utf-8"?>
<Settings>
  <!--
    Marketing Automation contact loader configuration
  -->
  <Sitecore>
    <XConnect>
    <MarketingAutomation>
        <Engine>
        <Services>
            <!-- Include or exclude contact facets for the contact during loading -->
            
            <MarketingAutomation.Loading.ContactFacetsConfigurator>
            <Options>
                <IncludeFacetNames>
                <PushSubscriptions>PushSubscriptions</PushSubscriptions>
                </IncludeFacetNames>
            </Options>
            </MarketingAutomation.Loading.ContactFacetsConfigurator>
            
        </Services>
        </Engine>
    </MarketingAutomation>
    </XConnect>
</Sitecore>
</Settings>